residue_key,residue_name,residue_number,pka_calculated
ALA1,ALA,1,0.0
ASP2,ASP,2,2.62
THR3,THR,3,0.0
ILE4,ILE,4,0.0
VAL5,VAL,5,0.0
ALA6,ALA,6,0.0
VAL7,VAL,7,0.0
GLU8,GLU,8,4.08
LEU9,LEU,9,0.0
ASP10,ASP,10,9.66
THR11,THR,11,0.0
TYR12,TYR,12,11.29
PRO13,PRO,13,0.0
ASN14,ASN,14,0.0
THR15,THR,15,0.0
ASP16,ASP,16,2.47
ILE17,ILE,17,0.0
GLY18,GLY,18,0.0
ASP19,ASP,19,3.2
PRO20,PRO,20,0.0
SER21,SER,21,0.0
TYR22,TYR,22,10.09
PRO23,PRO,23,0.0
HIS24,HIS,24,12.52
ILE25,ILE,25,0.0
GLY26,GLY,26,0.0
ILE27,ILE,27,0.0
ASP28,ASP,28,12.21
ILE29,ILE,29,0.0
LYS30,LYS,30,10.26
SER31,SER,31,0.0
VAL32,VAL,32,0.0
ARG33,ARG,33,12.46
SER34,SER,34,0.0
LYS35,LYS,35,10.54
LYS36,LYS,36,10.33
THR37,THR,37,0.0
ALA38,ALA,38,0.0
LYS39,LYS,39,10.35
TRP40,TRP,40,0.0
ASN41,ASN,41,0.0
MET42,MET,42,0.0
GLN43,GLN,43,0.0
ASN44,ASN,44,0.0
GLY45,GLY,45,0.0
LYS46,LYS,46,10.35
VAL47,VAL,47,0.0
GLY48,GLY,48,0.0
THR49,THR,49,0.0
ALA50,ALA,50,0.0
HIS51,HIS,51,5.83
ILE52,ILE,52,0.0
ILE53,ILE,53,0.0
TYR54,TYR,54,11.57
ASN55,ASN,55,0.0
SER56,SER,56,0.0
VAL57,VAL,57,0.0
ASP58,ASP,58,3.17
LYS59,LYS,59,11.63
ARG60,ARG,60,13.47
LEU61,LEU,61,0.0
SER62,SER,62,0.0
ALA63,ALA,63,0.0
VAL64,VAL,64,0.0
VAL65,VAL,65,0.0
SER66,SER,66,0.0
TYR67,TYR,67,11.93
PRO68,PRO,68,0.0
ASN69,ASN,69,0.0
ALA70,ALA,70,0.0
ASP71,ASP,71,3.9
SER72,SER,72,0.0
ALA73,ALA,73,0.0
THR74,THR,74,0.0
VAL75,VAL,75,0.0
SER76,SER,76,0.0
TYR77,TYR,77,10.19
ASP78,ASP,78,3.05
VAL79,VAL,79,0.0
ASP80,ASP,80,2.88
LEU81,LEU,81,0.0
ASP82,ASP,82,4.83
ASN83,ASN,83,0.0
VAL84,VAL,84,0.0
LEU85,LEU,85,0.0
PRO86,PRO,86,0.0
GLU87,GLU,87,3.93
TRP88,TRP,88,0.0
VAL89,VAL,89,0.0
ARG90,ARG,90,11.87
VAL91,VAL,91,0.0
GLY92,GLY,92,0.0
LEU93,LEU,93,0.0
SER94,SER,94,0.0
ALA95,ALA,95,0.0
SER96,SER,96,0.0
THR97,THR,97,0.0
GLY98,GLY,98,0.0
LEU99,LEU,99,0.0
TYR100,TYR,100,9.85
LYS101,LYS,101,11.22
GLU102,GLU,102,7.92
THR103,THR,103,0.0
ASN104,ASN,104,0.0
THR105,THR,105,0.0
ILE106,ILE,106,0.0
LEU107,LEU,107,0.0
SER108,SER,108,0.0
TRP109,TRP,109,0.0
SER110,SER,110,0.0
PHE111,PHE,111,0.0
THR112,THR,112,0.0
SER113,SER,113,0.0
LYS114,LYS,114,10.45
LEU115,LEU,115,0.0
LYS116,LYS,116,10.07
SER117,SER,117,0.0
ASN118,ASN,118,0.0
SER119,SER,119,0.0
THR120,THR,120,0.0
HIS121,HIS,121,6.39
GLU122,GLU,122,4.69
THR123,THR,123,0.0
ASN124,ASN,124,0.0
ALA125,ALA,125,0.0
LEU126,LEU,126,0.0
HIS127,HIS,127,6.32
PHE128,PHE,128,0.0
MET129,MET,129,0.0
PHE130,PHE,130,0.0
ASN131,ASN,131,0.0
GLN132,GLN,132,0.0
PHE133,PHE,133,0.0
SER134,SER,134,0.0
LYS135,LYS,135,10.39
ASP136,ASP,136,3.47
GLN137,GLN,137,0.0
LYS138,LYS,138,10.97
ASP139,ASP,139,3.51
LEU140,LEU,140,0.0
ILE141,ILE,141,0.0
LEU142,LEU,142,0.0
GLN143,GLN,143,0.0
GLY144,GLY,144,0.0
ASP145,ASP,145,3.2
ALA146,ALA,146,0.0
THR147,THR,147,0.0
THR148,THR,148,0.0
GLY149,GLY,149,0.0
THR150,THR,150,0.0
ASP151,ASP,151,3.98
GLY152,GLY,152,0.0
ASN153,ASN,153,0.0
LEU154,LEU,154,0.0
GLU155,GLU,155,6.02
LEU156,LEU,156,0.0
THR157,THR,157,0.0
ARG158,ARG,158,12.48
VAL159,VAL,159,0.0
SER160,SER,160,0.0
SER161,SER,161,0.0
ASN162,ASN,162,0.0
GLY163,GLY,163,0.0
SER164,SER,164,0.0
PRO165,PRO,165,0.0
GLN166,GLN,166,0.0
GLY167,GLY,167,0.0
SER168,SER,168,0.0
SER169,SER,169,0.0
VAL170,VAL,170,0.0
GLY171,GLY,171,0.0
ARG172,ARG,172,10.08
ALA173,ALA,173,0.0
LEU174,LEU,174,0.0
PHE175,PHE,175,0.0
TYR176,TYR,176,10.0
ALA177,ALA,177,0.0
PRO178,PRO,178,0.0
VAL179,VAL,179,0.0
HIS180,HIS,180,6.74
ILE181,ILE,181,0.0
TRP182,TRP,182,0.0
GLU183,GLU,183,3.21
SER184,SER,184,0.0
SER185,SER,185,0.0
ALA186,ALA,186,0.0
VAL187,VAL,187,0.0
VAL188,VAL,188,0.0
ALA189,ALA,189,0.0
SER190,SER,190,0.0
PHE191,PHE,191,0.0
GLU192,GLU,192,4.56
ALA193,ALA,193,0.0
THR194,THR,194,0.0
PHE195,PHE,195,0.0
THR196,THR,196,0.0
PHE197,PHE,197,0.0
LEU198,LEU,198,0.0
ILE199,ILE,199,0.0
LYS200,LYS,200,10.22
SER201,SER,201,0.0
PRO202,PRO,202,0.0
ASP203,ASP,203,3.05
SER204,SER,204,0.0
HIS205,HIS,205,6.3
PRO206,PRO,206,0.0
ALA207,ALA,207,0.0
ASP208,ASP,208,6.84
GLY209,GLY,209,0.0
ILE210,ILE,210,0.0
ALA211,ALA,211,0.0
PHE212,PHE,212,0.0
PHE213,PHE,213,0.0
ILE214,ILE,214,0.0
SER215,SER,215,0.0
ASN216,ASN,216,0.0
ILE217,ILE,217,0.0
ASP218,ASP,218,2.9
SER219,SER,219,0.0
SER220,SER,220,0.0
ILE221,ILE,221,0.0
PRO222,PRO,222,0.0
SER223,SER,223,0.0
GLY224,GLY,224,0.0
SER225,SER,225,0.0
THR226,THR,226,0.0
GLY227,GLY,227,0.0
ARG228,ARG,228,13.47
LEU229,LEU,229,0.0
LEU230,LEU,230,0.0
GLY231,GLY,231,0.0
LEU232,LEU,232,0.0
PHE233,PHE,233,0.0
PRO234,PRO,234,0.0
ASP235,ASP,235,3.51
ALA236,ALA,236,0.0
ASN237,ASN,237,2.59
